{"data": "data/ptb", "recepie_id": 1000402, "recepies_list_path": "data/models_recepies.json", "cuda": true, "batch_size": 20, "model": "CustomRNN", "emsize": 400, "nhid": 600, "nlayers": 3, "dropout": 0.1, "dropouth": 0.25, "dropouti": 0.4, "dropoute": 0.0, "wdrop": 0.1, "tied": true, "bptt": 70, "lr": 0.001, "wdecay": 1.2e-06, "epochs": 50, "alpha": 2, "beta": 1, "log_interval": 200, "clip": 0.25, "eval_batch_size": 50, "recepie": "{\"node_0\": {\"op\": \"linear\", \"input\": [\"x\", \"h_prev_0\"]}, \"node_1\": {\"op\": \"activation_tanh\", \"input\": [\"node_0\"]}, \"node_2\": {\"op\": \"linear\", \"input\": [\"x\", \"node_1\", \"h_prev_0\"]}, \"node_4\": {\"op\": \"elementwise_prod\", \"input\": [\"node_2\", \"h_prev_0\"]}, \"h_new_0\": {\"op\": \"elementwise_sum\", \"input\": [\"node_2\", \"node_4\"]}}", "experiment_id": 999998916, "init_time": "2020-04-24_16-36-00", "num_params": 8333200, "wall_times": [175.53971815109253], "train_losses": [NaN], "val_losses": [NaN], "test_losses": [NaN], "status": "loss is nan!"}