{"data": "data/ptb", "recepie_id": 1000399, "recepies_list_path": "data/models_recepies.json", "cuda": true, "batch_size": 20, "model": "CustomRNN", "emsize": 400, "nhid": 600, "nlayers": 3, "dropout": 0.1, "dropouth": 0.25, "dropouti": 0.4, "dropoute": 0.0, "wdrop": 0.1, "tied": true, "bptt": 70, "lr": 0.001, "wdecay": 1.2e-06, "epochs": 50, "alpha": 2, "beta": 1, "log_interval": 200, "clip": 0.25, "eval_batch_size": 50, "recepie": "{\"node_0\": {\"op\": \"linear\", \"input\": [\"x\", \"h_prev_0\"]}, \"node_1\": {\"op\": \"activation_sigm\", \"input\": [\"node_0\"]}, \"node_2\": {\"op\": \"elementwise_prod\", \"input\": [\"node_1\", \"h_prev_0\"]}, \"node_3\": {\"op\": \"linear\", \"input\": [\"h_prev_0\", \"x\"]}, \"node_9\": {\"op\": \"elementwise_prod\", \"input\": [\"node_1\", \"node_2\"]}, \"h_new_0\": {\"op\": \"elementwise_sum\", \"input\": [\"node_3\", \"node_9\"]}}", "experiment_id": 999980192, "init_time": "2020-04-21_20-01-59", "num_params": 7453200, "wall_times": [161.3089325428009, 118.72585940361023, 118.9595730304718, 117.44863224029541, 117.16816782951355, 117.9183702468872], "train_losses": [5.546479983594212, 5.261639956833952, 5.127742002178474, 5.009747239927922, 4.9155215393201015, NaN], "val_losses": [5.585272775423729, 5.3473397775423726, 5.253966498940678, 5.161229475635594, 5.096238082627119, NaN], "test_losses": [5.554580836620145, 5.311819724666262, 5.232439059655643, 5.136649418803095, 5.068031088819781, NaN], "status": "loss is nan!"}