{"data": "data/ptb", "recepie_id": 1001444, "recepies_list_path": "data/models_recepies.json", "cuda": true, "batch_size": 20, "model": "CustomRNN", "emsize": 400, "nhid": 600, "nlayers": 3, "dropout": 0.1, "dropouth": 0.25, "dropouti": 0.4, "dropoute": 0.0, "wdrop": 0.1, "tied": true, "bptt": 70, "lr": 0.001, "wdecay": 1.2e-06, "epochs": 50, "alpha": 2, "beta": 1, "log_interval": 200, "clip": 0.25, "eval_batch_size": 50, "recepie": "{\"node_0\": {\"op\": \"linear\", \"input\": [\"x\", \"h_prev_0\"]}, \"node_1\": {\"op\": \"activation_sigm\", \"input\": [\"node_0\"]}, \"node_3\": {\"op\": \"linear\", \"input\": [\"h_prev_0\", \"x\", \"node_1\"]}, \"node_4\": {\"op\": \"activation_leaky_relu\", \"input\": [\"node_3\"]}, \"node_5\": {\"op\": \"elementwise_sum\", \"input\": [\"h_prev_0\", \"node_0\"]}, \"node_6\": {\"op\": \"elementwise_sum\", \"input\": [\"h_prev_0\", \"node_5\"]}, \"node_7\": {\"op\": \"linear\", \"input\": [\"node_4\", \"node_1\"]}, \"node_8\": {\"op\": \"activation_leaky_relu\", \"input\": [\"node_7\"]}, \"node_9\": {\"op\": \"linear\", \"input\": [\"h_prev_0\", \"node_8\"]}, \"node_11\": {\"op\": \"elementwise_sum\", \"input\": [\"node_6\", \"node_3\"]}, \"node_12\": {\"op\": \"elementwise_sum\", \"input\": [\"node_11\", \"node_9\"]}, \"h_new_0\": {\"op\": \"blend\", \"input\": [\"node_9\", \"node_8\", \"node_12\"]}}", "experiment_id": 999921184, "init_time": "2020-04-15_23-20-53", "num_params": 11856400, "wall_times": [309.38022208213806], "train_losses": [NaN], "val_losses": [NaN], "test_losses": [NaN], "status": "loss is nan!"}