{"data": "data/ptb", "recepie_id": 1001543, "recepies_list_path": "data/models_recepies.json", "cuda": true, "batch_size": 20, "model": "CustomRNN", "emsize": 400, "nhid": 600, "nlayers": 3, "dropout": 0.1, "dropouth": 0.25, "dropouti": 0.4, "dropoute": 0.0, "wdrop": 0.1, "tied": true, "bptt": 70, "lr": 0.001, "wdecay": 1.2e-06, "epochs": 50, "alpha": 2, "beta": 1, "log_interval": 200, "clip": 0.25, "eval_batch_size": 50, "recepie": "{\"node_0\": {\"op\": \"linear\", \"input\": [\"x\", \"h_prev_0\"]}, \"node_1\": {\"op\": \"activation_sigm\", \"input\": [\"node_0\"]}, \"node_4\": {\"op\": \"elementwise_sum\", \"input\": [\"h_prev_0\", \"node_0\"]}, \"node_5\": {\"op\": \"linear\", \"input\": [\"x\", \"node_1\"]}, \"node_6\": {\"op\": \"activation_leaky_relu\", \"input\": [\"node_5\"]}, \"node_9\": {\"op\": \"linear\", \"input\": [\"node_6\", \"h_prev_0\"]}, \"h_new_0\": {\"op\": \"elementwise_sum\", \"input\": [\"node_4\", \"node_9\"]}}", "experiment_id": 999909900, "init_time": "2020-04-11_02-47-41", "num_params": 9214800, "wall_times": [150.7582380771637], "train_losses": [NaN], "val_losses": [NaN], "test_losses": [NaN], "status": "loss is nan!"}