{"data": "data/ptb", "recepie_id": 1001319, "recepies_list_path": "data/models_recepies.json", "cuda": true, "batch_size": 20, "model": "CustomRNN", "emsize": 400, "nhid": 600, "nlayers": 3, "dropout": 0.1, "dropouth": 0.25, "dropouti": 0.4, "dropoute": 0.0, "wdrop": 0.1, "tied": true, "bptt": 70, "lr": 0.001, "wdecay": 1.2e-06, "epochs": 50, "alpha": 2, "beta": 1, "log_interval": 200, "clip": 0.25, "eval_batch_size": 50, "recepie": "{\"node_0\": {\"op\": \"linear\", \"input\": [\"x\", \"h_prev_0\"]}, \"node_1\": {\"op\": \"activation_leaky_relu\", \"input\": [\"node_0\"]}, \"node_2\": {\"op\": \"blend\", \"input\": [\"h_prev_0\", \"node_1\", \"node_0\"]}, \"node_3\": {\"op\": \"elementwise_prod\", \"input\": [\"node_0\", \"h_prev_0\"]}, \"node_4\": {\"op\": \"linear\", \"input\": [\"node_1\", \"x\"]}, \"node_5\": {\"op\": \"activation_sigm\", \"input\": [\"node_4\"]}, \"node_6\": {\"op\": \"elementwise_sum\", \"input\": [\"node_4\", \"node_3\"]}, \"node_7\": {\"op\": \"linear\", \"input\": [\"h_prev_0\", \"node_5\", \"node_1\"]}, \"node_8\": {\"op\": \"activation_tanh\", \"input\": [\"node_7\"]}, \"node_10\": {\"op\": \"blend\", \"input\": [\"node_2\", \"node_6\", \"node_8\"]}, \"h_new_0\": {\"op\": \"elementwise_prod\", \"input\": [\"node_0\", \"node_10\"]}}", "experiment_id": 999948905, "init_time": "2020-04-21_03-58-00", "num_params": 10094800, "wall_times": [285.74635457992554], "train_losses": [NaN], "val_losses": [NaN], "test_losses": [NaN], "status": "loss is nan!"}