{"data": "data/ptb", "recepie_id": 1001161, "recepies_list_path": "data/models_recepies.json", "cuda": true, "batch_size": 20, "model": "CustomRNN", "emsize": 400, "nhid": 600, "nlayers": 3, "dropout": 0.1, "dropouth": 0.25, "dropouti": 0.4, "dropoute": 0.0, "wdrop": 0.1, "tied": true, "bptt": 70, "lr": 0.001, "wdecay": 1.2e-06, "epochs": 50, "alpha": 2, "beta": 1, "log_interval": 200, "clip": 0.25, "eval_batch_size": 50, "recepie": "{\"node_0\": {\"op\": \"linear\", \"input\": [\"x\", \"h_prev_0\"]}, \"node_1\": {\"op\": \"activation_sigm\", \"input\": [\"node_0\"]}, \"node_2\": {\"op\": \"elementwise_prod\", \"input\": [\"node_0\", \"h_prev_0\"]}, \"node_4\": {\"op\": \"linear\", \"input\": [\"node_1\", \"h_prev_0\"]}, \"h_new_0\": {\"op\": \"blend\", \"input\": [\"node_4\", \"node_2\", \"node_0\"]}}", "experiment_id": 999900849, "init_time": "2020-04-21_09-16-39", "num_params": 7493200, "wall_times": [127.76680088043213], "train_losses": [NaN], "val_losses": [NaN], "test_losses": [NaN], "status": "loss is nan!"}