{"data": "data/ptb", "recepie_id": 1000612, "recepies_list_path": "data/models_recepies.json", "cuda": true, "batch_size": 20, "model": "CustomRNN", "emsize": 400, "nhid": 600, "nlayers": 3, "dropout": 0.1, "dropouth": 0.25, "dropouti": 0.4, "dropoute": 0.0, "wdrop": 0.1, "tied": true, "bptt": 70, "lr": 0.001, "wdecay": 1.2e-06, "epochs": 50, "alpha": 2, "beta": 1, "log_interval": 200, "clip": 0.25, "eval_batch_size": 50, "recepie": "{\"node_0\": {\"op\": \"linear\", \"input\": [\"h_prev_0\", \"x\"]}, \"node_1\": {\"op\": \"activation_leaky_relu\", \"input\": [\"node_0\"]}, \"node_5\": {\"op\": \"linear\", \"input\": [\"x\", \"node_1\"]}, \"node_6\": {\"op\": \"activation_sigm\", \"input\": [\"node_5\"]}, \"node_8\": {\"op\": \"linear\", \"input\": [\"x\", \"node_6\"]}, \"node_9\": {\"op\": \"activation_sigm\", \"input\": [\"node_8\"]}, \"node_10\": {\"op\": \"elementwise_prod\", \"input\": [\"node_5\", \"h_prev_0\"]}, \"h_new_0\": {\"op\": \"blend\", \"input\": [\"node_9\", \"node_5\", \"node_10\"]}}", "experiment_id": 999907609, "init_time": "2020-04-19_01-42-47", "num_params": 9174800, "wall_times": [225.79806900024414], "train_losses": [NaN], "val_losses": [NaN], "test_losses": [NaN], "status": "loss is nan!"}