{"data": "data/ptb", "recepie_id": 1000731, "recepies_list_path": "data/models_recepies.json", "cuda": true, "batch_size": 20, "model": "CustomRNN", "emsize": 400, "nhid": 600, "nlayers": 3, "dropout": 0.1, "dropouth": 0.25, "dropouti": 0.4, "dropoute": 0.0, "wdrop": 0.1, "tied": true, "bptt": 70, "lr": 0.001, "wdecay": 1.2e-06, "epochs": 50, "alpha": 2, "beta": 1, "log_interval": 200, "clip": 0.25, "eval_batch_size": 50, "recepie": "{\"node_0\": {\"op\": \"linear\", \"input\": [\"h_prev_0\", \"x\"]}, \"node_1\": {\"op\": \"activation_tanh\", \"input\": [\"node_0\"]}, \"node_3\": {\"op\": \"elementwise_sum\", \"input\": [\"node_0\", \"h_prev_0\"]}, \"node_4\": {\"op\": \"elementwise_prod\", \"input\": [\"node_0\", \"node_1\"]}, \"node_6\": {\"op\": \"linear\", \"input\": [\"h_prev_0\", \"node_1\"]}, \"node_7\": {\"op\": \"activation_tanh\", \"input\": [\"node_6\"]}, \"h_new_0\": {\"op\": \"blend\", \"input\": [\"node_3\", \"node_7\", \"node_4\"]}}", "experiment_id": 999908648, "init_time": "2020-04-22_03-06-50", "num_params": 7493200, "wall_times": [164.47548913955688], "train_losses": [NaN], "val_losses": [NaN], "test_losses": [NaN], "status": "loss is nan!"}