{"data": "data/ptb", "recepie_id": 1001439, "recepies_list_path": "data/models_recepies.json", "cuda": true, "batch_size": 20, "model": "CustomRNN", "emsize": 400, "nhid": 600, "nlayers": 3, "dropout": 0.1, "dropouth": 0.25, "dropouti": 0.4, "dropoute": 0.0, "wdrop": 0.1, "tied": true, "bptt": 70, "lr": 0.001, "wdecay": 1.2e-06, "epochs": 50, "alpha": 2, "beta": 1, "log_interval": 200, "clip": 0.25, "eval_batch_size": 50, "recepie": "{\"node_4\": {\"op\": \"linear\", \"input\": [\"x\", \"h_prev_0\"]}, \"node_5\": {\"op\": \"activation_leaky_relu\", \"input\": [\"node_4\"]}, \"h_new_0\": {\"op\": \"elementwise_prod\", \"input\": [\"node_4\", \"node_5\"]}}", "experiment_id": 999976467, "init_time": "2020-04-21_05-10-43", "num_params": 5731600, "wall_times": [66.35926246643066], "train_losses": [NaN], "val_losses": [NaN], "test_losses": [NaN], "status": "loss is nan!"}