{"data": "data/ptb", "recepie_id": 1001517, "recepies_list_path": "data/models_recepies.json", "cuda": true, "batch_size": 20, "model": "CustomRNN", "emsize": 400, "nhid": 600, "nlayers": 3, "dropout": 0.1, "dropouth": 0.25, "dropouti": 0.4, "dropoute": 0.0, "wdrop": 0.1, "tied": true, "bptt": 70, "lr": 0.001, "wdecay": 1.2e-06, "epochs": 50, "alpha": 2, "beta": 1, "log_interval": 200, "clip": 0.25, "eval_batch_size": 50, "recepie": "{\"node_0\": {\"op\": \"linear\", \"input\": [\"x\", \"h_prev_0\"]}, \"node_1\": {\"op\": \"activation_sigm\", \"input\": [\"node_0\"]}, \"node_2\": {\"op\": \"linear\", \"input\": [\"h_prev_0\", \"x\"]}, \"node_3\": {\"op\": \"activation_sigm\", \"input\": [\"node_2\"]}, \"node_4\": {\"op\": \"blend\", \"input\": [\"node_2\", \"node_0\", \"node_1\"]}, \"h_new_0\": {\"op\": \"elementwise_prod\", \"input\": [\"node_4\", \"node_3\"]}}", "experiment_id": 999931762, "init_time": "2020-04-14_05-10-09", "num_params": 7453200, "wall_times": [132.57960176467896, 131.9457323551178, 131.77356672286987, 131.42996788024902, 131.10899567604065, 131.2435121536255, 131.30985307693481], "train_losses": [5.630386510946157, 5.319271589747728, 5.124813838013017, 5.003756858157173, 4.90722955664031, 4.837532693911032, NaN], "val_losses": [5.6590843485169495, 5.387798596398305, 5.234627582097458, 5.146784626588983, 5.08690280720339, 5.04088718220339, NaN], "test_losses": [5.612552383570995, 5.348143346101335, 5.191115888577063, 5.101138216777913, 5.037622544371966, 4.989071151585255, NaN], "status": "loss is nan!"}