{"data": "data/ptb", "recepie_id": 1000406, "recepies_list_path": "data/models_recepies.json", "cuda": true, "batch_size": 20, "model": "CustomRNN", "emsize": 400, "nhid": 600, "nlayers": 3, "dropout": 0.1, "dropouth": 0.25, "dropouti": 0.4, "dropoute": 0.0, "wdrop": 0.1, "tied": true, "bptt": 70, "lr": 0.001, "wdecay": 1.2e-06, "epochs": 50, "alpha": 2, "beta": 1, "log_interval": 200, "clip": 0.25, "eval_batch_size": 50, "recepie": "{\"node_0\": {\"op\": \"linear\", \"input\": [\"x\", \"h_prev_0\"]}, \"node_1\": {\"op\": \"activation_leaky_relu\", \"input\": [\"node_0\"]}, \"node_3\": {\"op\": \"linear\", \"input\": [\"h_prev_0\", \"node_1\"]}, \"node_5\": {\"op\": \"elementwise_prod\", \"input\": [\"node_1\", \"node_3\"]}, \"node_7\": {\"op\": \"blend\", \"input\": [\"node_5\", \"h_prev_0\", \"node_0\"]}, \"h_new_0\": {\"op\": \"elementwise_prod\", \"input\": [\"node_7\", \"node_0\"]}}", "experiment_id": 999907804, "init_time": "2020-04-23_17-27-39", "num_params": 7493200, "wall_times": [150.83726406097412], "train_losses": [NaN], "val_losses": [NaN], "test_losses": [NaN], "status": "loss is nan!"}